<?xml version="1.0" encoding="UTF-8" ?>
<module>
    <name>zei</name>
    <displayName><![CDATA[Zero ecoimpact]]></displayName>
    <version><![CDATA[1.0]]></version>
    <description><![CDATA[Liez vos offres et récompenses depuis votre compte Zero ecoimpact !]]></description>
    <author><![CDATA[Nazim de ZEI]]></author>
    <tab><![CDATA[zei_api]]></tab>
	<confirmUninstall><![CDATA[Êtes-vous sûr de vouloir supprimer le lien avec ZEI ?]]></confirmUninstall>
    <is_configurable>0</is_configurable>
    <need_instance>0</need_instance>
	<limited_countries></limited_countries>
</module>